Plate,Latitude,Longitude,Timestamp,Duration,Distance
BWN768,50.824148333333,4.3598316666667,1561592243,366,1140.6461767629
QCJ420,50.813293333333,4.3480333333333,1561592132,477,821.63526712111
RIY668,50.79478,4.4161016666667,1561592063,837,4117.543493161
BYD553,50.848658333333,4.3933566666667,1561593088,294,1199.3175948111
HIL845,50.832895,4.4411633333333,1561592421,1149,2421.7349267939
QHF380,50.852066666667,4.3509666666667,1561592718,852,2872.3270858288
UUQ477,50.835835,4.3602533333333,1561593501,476,1661.1107559156
QBA575,50.863045,4.3545583333333,1561593685,606,1017.5753404196
SWJ048,50.830476666667,4.3493033333333,1561594038,253,748.79562445743
USV368,50.804301666667,4.3721966666667,1561594112,290,1729.3468273009
DAU809,50.861048333333,4.3599866666667,1561593446,1442,3955.5418148645
JRC827,50.798801666667,4.3619083333333,1561594463,425,1006.9078908854
RJY400,50.85037,4.3450233333333,1561594226,662,638.46903275524
HCH385,50.815611666667,4.367145,1561594769,241,915.21747984702
QNV575,50.852845,4.3871266666667,1561594814,243,695.52567378899
YEU745,50.838366666667,4.3523016666667,1561593626,1431,4277.4452706478
SMS983,50.805726666667,4.3450866666667,1561594291,891,2996.2554036123
ZSW825,50.802353333333,4.3765933333333,1561593142,2040,3301.8047065239
TCW563,50.852191666667,4.3884533333333,1561594940,607,2002.9017647297
DPV214,50.830695,4.3756766666667,1561595363,432,1451.3754241843
HXW903,50.812838333333,4.4064933333333,1561595237,789,2120.1598974448
HCI519,50.829391666667,4.3702466666667,1561594940,1151,2997.5961066965
TJS627,50.831223333333,4.434735,1561595795,538,207.39181442836
SFE859,50.825093333333,4.3611066666667,1561595719,898,2422.5586885806
XKB017,50.847191666667,4.3560533333333,1561595719,1097,1645.3741520977
ZMJ178,50.839126666667,4.3494866666667,1561594347,2469,8429.8238133288
HTP500,50.850446666667,4.3444066666667,1561595115,1742,101.82811466053
KFF510,50.818931666667,4.3289033333333,1561594769,2146,2730.6695668961
QWS614,50.809266666667,4.4032766666667,1561596333,582,1430.5034267831
RUE811,50.847895,4.3571083333333,1561596433,665,2984.2344124107
FXJ699,50.817511666667,4.365725,1561596974,323,1216.492460776
ATE685,50.849095,4.4494933333333,1561597351,361,993.70227625164
ZWF257,50.811878333333,4.358715,1561596576,1491,1913.8692759748
BXD701,50.848533333333,4.34904,1561596974,1150,1722.6454832318
NAG450,50.807453333333,4.3348183333333,1561597533,642,2019.6248325773
HVX509,50.82467,4.3688,1561592296,6251,5313.898672545
BYD145,50.872688333333,4.357935,1561598124,713,2275.7046157952
GQB697,50.803618333333,4.339315,1561597892,1432,2719.1586722654
TSZ077,50.79652,4.3356266666667,1561598651,727,1096.4880799033
ZSE038,50.8381,4.3975133333333,1561599087,418,556.15748612238
NAG450,50.802376666667,4.3624133333333,1561598651,908,1222.5091490345
TIT289,50.830605,4.3607116666667,1561596816,3649,494.64954603394
WGQ431,50.820563333333,4.38719,1561599276,1189,3864.1939217158
WZS875,50.819913333333,4.39797,1561600107,892,2562.7280450514
DAR729,50.805461666667,4.3746016666667,1561601655,310,1538.208281319
DYI937,50.848608333333,4.34912,1561601655,435,832.66123897719
IYT760,50.840178333333,4.3378966666667,1561602014,601,2535.2277519228
IYT760,50.857213333333,4.3618983333333,1561602862,373,926.33324447147
JGI696,50.808566666667,4.3398916666667,1561602929,778,3555.1667517778
UAX603,50.864411666667,4.35216,1561603344,957,2845.9883995847
YMF696,50.860958333333,4.4003866666667,1561602929,1496,5400.007142795
NDA650,50.832251666667,4.3699066666667,1561604662,420,1370.5207748882
PYC878,50.850571666667,4.33877,1561606284,482,1488.179283932
JGI696,50.817483333333,4.388485,1561606168,773,2602.4666484953
MFF994,50.844718333333,4.422215,1561605979,962,3877.4904845027
CBK374,50.825111666667,4.2978333333333,1561605803,1378,5873.4145046038
TLY380,50.829971666667,4.3696983333333,1561606941,364,980.41184378817
QCI954,50.818766666667,4.2922116666667,1561605448,1857,6476.9234775334
LFT519,50.861153333333,4.3452366666667,1561607839,199,505.91143583236
PYC878,50.83726,4.3365766666667,1561607253,888,4433.3793528557
ASH744,50.834385,4.3690416666667,1561606826,1913,3050.419050798
NVT430,50.838315,4.4095683333333,1561607598,1447,5116.9800309386
EGZ961,50.847853333333,4.3494066666667,1561608500,605,1780.2880171111
UTF330,50.853685,4.4000066666667,1561608676,429,1540.3209880653
ZMB667,50.850968333333,4.3736916666667,1561607412,1817,1313.1735119409
GUM325,50.828168333333,4.3387733333333,1561608204,1446,3951.8803066455
IHL136,50.856365,4.3884883333333,1561608920,841,3323.9869149176
BDN052,50.8235,4.36206,1561609530,829,2317.6273292961
KNU148,50.818778333333,4.3661066666667,1561610012,721,2498.3628177145
ZWF257,50.794678333333,4.357705,1561610842,193,324.98876965833
UKI654,50.82779,4.3668883333333,1561610733,346,1062.2624852468
AMN974,50.854856666667,4.3533333333333,1561610780,355,1117.8443664949
UWF276,50.83506,4.3662816666667,1561611202,483,1555.5488056357
ZQT124,50.814608333333,4.3649516666667,1561610662,1086,3670.3983034295
ZYW744,50.832106666667,4.4527566666667,1561611501,247,481.39478460142
AJH826,50.839465,4.34045,1561611135,613,1988.6327080569
WJZ104,50.872458333333,4.3802183333333,1561611501,374,581.23147970774
JTX334,50.8438,4.340495,1561611567,410,1344.3707130343
HNR029,50.802343333333,4.370855,1561611875,171,666.5910077554
MRT277,50.831343333333,4.357655,1561611325,721,2747.433731342
JRK377,50.870143333333,4.3935983333333,1561611875,399,1329.680597702
FIQ974,50.832878333333,4.3667983333333,1561611567,776,2783.5988933086
CPE810,50.872228333333,4.38401,1561607367,4976,5165.555636348
NPM932,50.856381666667,4.37926,1561611875,593,1241.1545995774
LGB324,50.825858333333,4.3604783333333,1561611977,551,1892.8173617302
NMZ050,50.80597,4.3856916666667,1561611977,798,3836.3049493054
UME125,50.825828333333,4.3603416666667,1561612468,307,749.13865566328
VUC254,50.848748333333,4.3409916666667,1561612398,537,1707.0492733897
DAR729,50.798198333333,4.3559733333333,1561612398,537,1077.309606763
YQZ926,50.84287,4.417825,1561611806,1129,4473.5671989752
YSY552,50.835481666667,4.4674433333333,1561611501,1623,6202.4233143302
UXS695,50.8308,4.3637533333333,1561612640,605,1738.2900046315
FRZ957,50.829775,4.4204683333333,1561612775,594,1041.494461706
BRC650,50.871845,4.3366066666667,1561612700,779,1952.8596445886
DPH678,50.828766666667,4.3768133333333,1561606766,6835,1863.2920471697
UUQ477,50.820905,4.3610616666667,1561613014,644,2038.8471496604
TDB118,50.820395,4.3590066666667,1561613419,295,1595.1923314766
XQE896,50.850446666667,4.3892833333333,1561613419,427,1094.5995913872
WDU317,50.843531666667,4.39441,1561613601,487,1380.2102940878
JDN046,50.857538333333,4.368015,1561613537,551,1650.8961821946
LBN161,50.856395,4.3889733333333,1561613658,430,797.10315959055
BEM926,50.820788333333,4.3507083333333,1561613714,585,1129.6925532338
TDZ089,50.83096,4.3537666666667,1561613537,762,2333.885167106
URM044,50.830363333333,4.374435,1561613419,880,3271.2684481469
JVA022,50.830345,4.3768133333333,1561613184,1115,632.50895159816
NRU375,50.79631,4.3740916666667,1561613846,718,342.78273567661
VJA058,50.823633333333,4.376475,1561613907,657,1716.0828644521
BXC339,50.82738,4.3771,1561613419,1145,4066.1249308005
MGK778,50.832048333333,4.3533466666667,1561613846,718,2487.254997366
BYM806,50.833843333333,4.389785,1561614029,596,1074.6105430425
IIL981,50.83083,4.3944,1561614314,435,1448.5024863789
MSV410,50.82862,4.3355866666667,1561614088,712,3018.0988958896
HRY665,50.837501666667,4.4703766666667,1561613245,1555,5585.3529570983
GBW630,50.81641,4.3539833333333,1561614088,712,2359.7627545138
JSG571,50.820828333333,4.3257366666667,1561614501,299,1617.3977877828
FUQ104,50.825163333333,4.340265,1561614140,726,1765.5265305382
ISU980,50.8472,4.3895983333333,1561614088,839,3360.5218678063
PGM401,50.849446666667,4.3433683333333,1561614140,787,1669.2800781244
DGK631,50.820813333333,4.36115,1561614501,426,1618.8454884861
QRX236,50.818488333333,4.36069,1561614140,909,2930.3554669647
RWL142,50.820498333333,4.37669,1561614625,424,1199.5227398629
QAU269,50.825288333333,4.340795,1561614140,909,3400.5876909786
BEZ855,50.857313333333,4.3821183333333,1561614088,1023,3753.5884074735
WHJ772,50.872435,4.38011,1561613963,1204,5175.9284731694
QCY165,50.81899,4.33644,1561614140,1080,3919.2254003427
PIE903,50.810515,4.3868066666667,1561614029,1191,3859.2893821411
KIE856,50.84978,4.3741566666667,1561614029,1255,3727.6006486216
HCG129,50.87083,4.346335,1561614140,1258,3199.3178823335
BYR305,50.857835,4.3907033333333,1561613419,2044,6489.523835614
NFS997,50.855361666667,4.3866366666667,1561614314,1149,3041.0847460055
SMY222,50.830575,4.4042216666667,1561613963,1564,5121.1729772066
JXQ295,50.836348333333,4.3638216666667,1561614749,778,1438.6165105496
YUJ598,50.832871666667,4.3957266666667,1561614800,779,1713.8552009919
PHK588,50.842076666667,4.4436683333333,1561614980,896,2581.5056839311
SFE859,50.80348,4.3567666666667,1561612937,2939,1345.7644371237
DDS608,50.842971666667,4.3965766666667,1561615398,545,1966.4610757579
BQI451,50.835708333333,4.41394,1561615111,832,3204.8281716813
MWR358,50.834501666667,4.3617783333333,1561615284,659,1576.4943205167
ILP657,50.853023333333,4.3817283333333,1561615527,526,1060.0215850523
FIQ974,50.852121666667,4.3414416666667,1561615167,886,1567.1906151314
WUB064,50.827336666667,4.3768866666667,1561614140,1913,1672.3992350356
VWE167,50.826901666667,4.3849633333333,1561615878,297,525.16979069903
MAP082,50.8352,4.38304,1561615638,537,639.38667225405
VDR336,50.816618333333,4.3572033333333,1561615167,1008,3390.5974821657
MTZ946,50.824295,4.3647183333333,1561615579,596,1158.5743798699
SVU409,50.841261666667,4.4071966666667,1561615579,596,1122.7593497068
ZJA749,50.861183333333,4.3385616666667,1561615638,606,1427.1333636419
RIY668,50.819405,4.3723383333333,1561614866,1511,3010.9830626783
RBY303,50.852706666667,4.34556,1561615638,739,1944.3515158283
LFT519,50.857595,4.3497283333333,1561616137,283,778.95349455651
RSJ085,50.816801666667,4.357695,1561615709,776,2827.4200838198
PUD983,50.845186666667,4.3961733333333,1561612468,4017,3537.9132086991
LVJ645,50.84604,4.41319,1561616175,310,690.66249594045
BYM806,50.834196666667,4.4050766666667,1561615770,782,1579.0752463187
ZMB667,50.86049,4.362625,1561614927,1671,2310.5751420401
WPU044,50.827231666667,4.360035,1561616002,596,1581.243031993
PKY087,50.829368333333,4.33381,1561616297,366,4359.0870470178
DXX141,50.819058333333,4.38003,1561615111,1552,4461.3628472991
HGD508,50.851791666667,4.3395866666667,1561613124,3593,1197.6142183417
VUS579,50.833596666667,4.376505,1561616175,542,1773.6359856325
UBK465,50.829945,4.3640266666667,1561616002,782,3957.2627222787
TDZ089,50.824443333333,4.3853533333333,1561615878,906,3816.6063415981
NVW137,50.833411666667,4.3893233333333,1561615878,906,2605.2247719842
TIT289,50.827141666667,4.3562916666667,1561616175,670,1060.3679749704
UXX408,50.833648333333,4.4127033333333,1561615111,1734,3403.0308694829
QRE139,50.863241666667,4.3865383333333,1561616297,548,1729.2852386408
GZK346,50.814741666667,4.3795733333333,1561615878,967,2875.1884920085
BVQ985,50.836395,4.40135,1561616420,490,1360.1942618796
PIR670,50.828088333333,4.35332,1561616420,490,1139.2436252678
ZMJ178,50.833791666667,4.4692316666667,1561616552,413,1456.9595469325
ZLN160,50.831735,4.3661883333333,1561615463,1502,4410.1919296522
RIY885,50.821611666667,4.366975,1561616420,545,1112.9609714969
GJA147,50.829115,4.4073716666667,1561616377,641,1653.2654539118
XAW952,50.84092,4.4051716666667,1561615111,1984,3767.0833253699
LGB324,50.829746666667,4.386715,1561616485,610,1255.9778239513
MAP082,50.840945,4.382655,1561616663,483,545.34707446084
VNK632,50.840338333333,4.3585983333333,1561616420,726,1142.2237606385
PRE034,50.80363,4.3351766666667,1561615770,1423,3405.6605106649
RWL142,50.822071666667,4.3597966666667,1561616485,776,2040.6112578101
CUD391,50.856578333333,4.3441116666667,1561616910,351,852.92858759568
DGK631,50.825645,4.33941,1561616598,663,2160.8687883018
MRT277,50.85602,4.3596333333333,1561616965,372,965.6292078777
APB368,50.83684,4.3625133333333,1561616552,785,2485.9036389751
QEM551,50.835121666667,4.4058116666667,1561617146,191,284.20512601684
NKC587,50.816943333333,4.3512833333333,1561616910,427,1356.7533811854
FRA123,50.860743333333,4.3750016666667,1561615709,1669,5526.8284705699
RQE476,50.796823333333,4.3296116666667,1561615770,1608,5480.7300392841
YQZ926,50.82986,4.3575433333333,1561617095,403,1100.3090749593
FLP117,50.824403333333,4.3650066666667,1561616910,588,732.36840829355
MTT884,50.834318333333,4.3618183333333,1561616002,1567,5496.6512459935
WKL430,50.817015,4.35209,1561616137,1432,3497.0468569997
YMR857,50.833286666667,4.376105,1561617193,376,1148.2497615444
BHK470,50.834848333333,4.3967583333333,1561616784,785,2234.3354024582
DPH678,50.843965,4.3879883333333,1561617261,373,804.75111400923
VWE167,50.823215,4.3896366666667,1561617146,653,1620.185003709
ISH620,50.813735,4.3407616666667,1561614980,2819,7304.1380748216
IYT760,50.85004,4.3551883333333,1561617018,781,1726.1908872892
ZSE038,50.840718333333,4.4042616666667,1561616784,1015,3472.8721321678
KTG698,50.828621666667,4.3355483333333,1561616377,1422,4383.4625271292
GBW630,50.836805,4.3446966666667,1561617261,538,1220.3436390242
WJZ104,50.877638333333,4.3791083333333,1561617261,538,794.66957846754
RTJ580,50.810593333333,4.4011266666667,1561615463,2336,816.94230347743
HEN873,50.826428333333,4.3820633333333,1561616965,834,1370.9511359514
BEZ855,50.827188333333,4.3579966666667,1561616663,1136,1924.1141169354
SFE859,50.814036666667,4.3474,1561617447,352,1203.9606349365
IJP720,50.802391666667,4.3241883333333,1561617193,606,1377.2289648176
WAM665,50.855293333333,4.3432216666667,1561617146,718,1998.6848176062
MRT277,50.8647,4.35921,1561617378,486,902.8900344601
QHY333,50.828708333333,4.3426166666667,1561617095,769,2598.8679238143
DTB165,50.803591666667,4.335175,1561617498,366,436.54492964897
GCA147,50.82647,4.3723016666667,1561617261,603,1967.6601161986
NMA155,50.827598333333,4.4587266666667,1561616175,1689,5446.7426087392
JTX334,50.845658333333,4.359415,1561617337,527,1085.5147299562
RDP158,50.827706666667,4.461595,1561617743,173,728.20007536375
NQJ047,50.820571666667,4.3623083333333,1561615284,2632,3095.5461364276
UTB489,50.818033333333,4.3626066666667,1561616485,1501,3394.1630796194
MVK112,50.828463333333,4.417175,1561616910,1076,2517.0115494632
QWN404,50.825888333333,4.38373,1561617378,608,1939.9665321785
KBF855,50.828895,4.3623,1561617378,723,1996.0636352996
MYT154,50.81157,4.3332633333333,1561617743,358,1029.5672969361
TLQ255,50.817656666667,4.3625333333333,1561617569,532,1583.386538464
ILP657,50.843773333333,4.3780766666667,1561617864,237,420.02151218967
MPV779,50.820141666667,4.4252966666667,1561617378,723,762.31736491845
QCJ420,50.815568333333,4.35916,1561617743,358,783.65110715732
IBA381,50.824295,4.36683,1561617146,955,3617.7897054491
RJG768,50.827581666667,4.3768116666667,1561617447,654,1376.3370436854
QHF380,50.82984,4.37181,1561617569,532,1168.1956992094
TDY187,50.83658,4.4025466666667,1561617799,302,293.78372516288
CPX867,50.843313333333,4.4002033333333,1561617378,723,2162.8794859245
KUR867,50.81987,4.4119983333333,1561617018,1083,3401.6196535911
INR703,50.826835,4.36599,1561617743,424,1174.3228521689
FAS964,50.825783333333,4.3475,1561616965,1202,2823.2421849959
MLX912,50.799006666667,4.3642333333333,1561617193,1019,3111.1430594011
BYM806,50.832711666667,4.382715,1561617447,765,2055.4798932324
CPE810,50.826335,4.3726033333333,1561617337,875,1535.4602549326
RRY775,50.847443333333,4.397295,1561617447,843,2759.5497562961
ZRA320,50.848903333333,4.3406666666667,1561617193,1149,4372.8299547308
IPT398,50.814096666667,4.3622233333333,1561617337,1005,3987.9131513259
GKU737,50.815473333333,4.32497,1561616784,1558,3598.4647112501
CYX010,50.797405,4.366275,1561617864,478,1745.6524090994
GJA147,50.836535,4.3869716666667,1561617799,602,1455.9382989402
PUD983,50.8175,4.3713516666667,1561617261,1140,5101.6293416162
UKI654,50.835798333333,4.3586416666667,1561617498,958,2861.740754808
VHT466,50.806803333333,4.40614,1561617095,1361,4976.8693628758
LVI115,50.838731666667,4.3503866666667,1561617743,713,2774.0020192954
MLB329,50.870786666667,4.3526216666667,1561617743,713,1209.0127534201
ICS273,50.864168333333,4.3584633333333,1561618046,410,1922.7489987167
AMN974,50.864271666667,4.3589166666667,1561614088,4443,1638.6342481842
PBC200,50.830238333333,4.3628583333333,1561618046,485,853.08278912736
BWB369,50.807068333333,4.3332883333333,1561617569,962,1347.8596429547
LQM001,50.868893333333,4.3941616666667,1561618212,319,759.65118279496
TQI725,50.793475,4.3581616666667,1561617799,732,1628.870034313
PRH001,50.815698333333,4.3441683333333,1561616002,2529,5507.2088867884
HQI990,50.865025,4.3806316666667,1561618290,307,682.41764532374
KVT472,50.864893333333,4.37123,1561618046,551,1902.1290282859
QCJ420,50.82059,4.3513333333333,1561618212,385,974.8796191777
ZEN299,50.804973333333,4.360465,1561617018,1579,1522.4064206093
ETS736,50.842591666667,4.4071566666667,1561618212,385,658.33845667305
AFB193,50.822721666667,4.3818066666667,1561617799,798,2038.007659503
NKR995,50.850295,4.3940383333333,1561617447,1150,4293.0112704284
MTQ332,50.85531,4.373525,1561617916,730,2248.6319769316
FUF297,50.855405,4.35117,1561618046,600,1262.1054583683
QHF380,50.823361666667,4.3587166666667,1561618342,304,893.77082468832
TZT401,50.822716666667,4.3425483333333,1561616377,2269,3900.6775594698
MMU948,50.84498,4.3954083333333,1561617743,903,589.48555911998
YCB034,50.823646666667,4.33378,1561617569,1125,4305.3507315399
FBK298,50.823941666667,4.344685,1561618101,593,1479.9532393875
YUJ146,50.823481666667,4.3294033333333,1561617743,951,3282.8065357639
NKC587,50.823331666667,4.3677383333333,1561617447,1247,2553.266347239
KEW552,50.82481,4.3390266666667,1561611806,6888,1037.2535837316
JKU302,50.817663333333,4.3628866666667,1561617743,1023,3072.5170958652
PIR670,50.82087,4.34181,1561616965,1801,4035.2920035055
VUU628,50.835005,4.3662033333333,1561618401,365,966.10184870686
ERA677,50.824391666667,4.38559,1561618046,772,1686.649674818
JEW054,50.827975,4.4066866666667,1561618167,651,1684.7905058847
IDB165,50.818776666667,4.3765633333333,1561618212,673,2716.7459318804
MQA154,50.822813333333,4.3818416666667,1561618290,655,2120.7401464367
DFW566,50.810183333333,4.3658616666667,1561618101,844,2826.6532071586
AFJ484,50.823273333333,4.4202133333333,1561618101,844,3828.8977749725
JSR292,50.814608333333,4.3622116666667,1561618342,603,2069.8926828276
QZK724,50.863678333333,4.377495,1561618342,665,1996.0787696926
KUC659,50.836598333333,4.3967033333333,1561617864,1143,1440.4018177024
rew090,50.844071666667,4.4097583333333,1561618456,551,1261.2513800525
UME125,50.832265,4.3571916666667,1561618646,361,833.82526249509
PIE903,50.838191666667,4.3536533333333,1561618597,410,531.75888354199
TLQ255,50.831413333333,4.3567116666667,1561618456,610,1417.5433980987
PYG703,50.831796666667,4.357,1561618290,776,2153.4831586677
YAB125,50.843283333333,4.4031166666667,1561617799,1267,3690.1913909691
QCJ420,50.829178333333,4.3541233333333,1561618694,372,924.08804103161
TDY187,50.834003333333,4.4016216666667,1561618818,248,297.337696169
KUR867,50.8433,4.3808566666667,1561618290,776,2200.8112946095
UPR162,50.868635,4.3769833333333,1561618290,776,2616.5990831481
RMX904,50.836835,4.4035233333333,1561618456,610,2131.4189987781
YTR521,50.813656666667,4.4017066666667,1561618818,304,566.01092682668
ESX122,50.83155,4.35661,1561618101,1021,2308.7110002668
VHB367,50.850438333333,4.397765,1561618456,727,2054.0050061912
WDY352,50.83394,4.3452216666667,1561618646,537,2055.701950345
XKB017,50.850921666667,4.3787333333333,1561614980,4325,1012.860075273
RNI744,50.86781,4.3928916666667,1561617799,1506,3883.6822676605
WEB095,50.822966666667,4.3534183333333,1561618597,708,1004.1709271615
FKI736,50.845643333333,4.40057,1561618646,659,1338.6970408586
HCH385,50.814535,4.35423,1561618046,1259,3878.939908745
HPR154,50.842266666667,4.3845083333333,1561618694,676,967.0362451227
VSZ902,50.827096666667,4.3743716666667,1561618818,552,1810.8943003562
DBC638,50.827228333333,4.3967933333333,1561618531,839,2009.8099838342
UEE273,50.845783333333,4.378715,1561618945,425,580.2067196425
NDA650,50.819966666667,4.3683283333333,1561618401,1018,1139.1968759908
LDX414,50.858266666667,4.388885,1561618945,474,1417.9172052129
RDI990,50.82977,4.3637416666667,1561618597,822,1876.0447293209
DMG246,50.854561666667,4.3900333333333,1561618342,1077,2899.911770196
PWZ645,50.865775,4.3935183333333,1561618945,474,1082.9251401378
MWR358,50.844295,4.34551,1561618597,822,1788.6980811263
WUC628,50.829433333333,4.3589633333333,1561618694,797,1566.5458022532
BQI451,50.846146666667,4.3713966666667,1561619254,237,735.34114631649
TQA289,50.820698333333,4.3870033333333,1561618401,1090,2844.5841189389
JXG704,50.850326666667,4.3982483333333,1561618766,725,1785.8577102044
HZV092,50.809515,4.4003833333333,1561618818,723,1966.0014089172
XAW952,50.850613333333,4.35376,1561619066,475,832.42661579514
EAF685,50.836,4.4141666666667,1561618597,944,3183.3701471333
ZBE638,50.858408333333,4.384445,1561618818,780,2355.8847341978
RNE713,50.836936666667,4.3453316666667,1561619254,414,1564.9716197216
LYL989,50.850498333333,4.3388133333333,1561619066,602,1772.3118817331
UHH154,50.814713333333,4.3559933333333,1561618456,1212,3207.3115053584
RHG907,50.823435,4.34615,1561617146,2522,5935.4305437982
NRU375,50.799253333333,4.3755416666667,1561619122,595,863.19816911477
IGL814,50.839063333333,4.3228533333333,1561618342,1375,3096.411380298
LYG950,50.819318333333,4.3696216666667,1561617864,1853,6002.3561197115
RWL142,50.83958,4.3685033333333,1561618945,828,823.1944838477
PVW206,50.81558,4.3718766666667,1561619254,519,1113.6978095954
MIR278,50.839171666667,4.422195,1561618885,888,2122.3113112606
KJN964,50.865988333333,4.39243,1561618101,1672,3791.9831531447
BTF131,50.87277,4.3343633333333,1561618646,1194,2481.1689987002
LVI115,50.816053333333,4.3668433333333,1561619007,833,2538.4318659271
KKL015,50.819025,4.37422,1561618885,1019,2787.647459706
DAU809,50.837386666667,4.4020583333333,1561619122,782,2907.1256494397
FBK298,50.835798333333,4.3542583333333,1561619254,650,1993.6239725443
RJG768,50.815815,4.3828916666667,1561619598,355,962.93629286889
PYG703,50.816623333333,4.3379483333333,1561619305,718,2232.2971635609
FFX466,50.844788333333,4.4122466666667,1561619370,653,1970.1667765735
PHK588,50.837943333333,4.4074916666667,1561619254,769,2796.4490075831
RSL946,50.874586666667,4.3850633333333,1561619370,653,3337.8600069942
ECU160,50.821495,4.3675666666667,1561618766,1257,2684.9800563487
ILP657,50.847486666667,4.37698,1561619541,596,1436.5602607342
SSI143,50.866505,4.4028066666667,1561619541,596,1386.1317022874
AZM175,50.850731666667,4.3938466666667,1561619717,482,1464.8815476084
VGA051,50.854795,4.4306566666667,1561618456,1743,5766.5266900992
QHF380,50.81558,4.35553,1561619598,601,1219.8133611197
DYI937,50.841315,4.3525733333333,1561618945,1254,4308.2933213414
QAU269,50.839118333333,4.3839816666667,1561619598,601,982.34272406525
LVJ645,50.841736666667,4.4060966666667,1561618818,1381,3761.9232021101
ZUI516,50.778493333333,4.3724183333333,1561619541,658,1920.545155674
STR750,50.854783333333,4.3793866666667,1561619491,778,2946.1563938955
QUK145,50.823276666667,4.381715,1561619598,671,932.80652031997
HKI494,50.866876666667,4.338395,1561617743,2526,1630.3372725011
BLA156,50.836483333333,4.3608,1561619491,891,2236.0023106635
VNQ015,50.81248,4.3429733333333,1561617864,2518,2598.6827893682
GJA147,50.838191666667,4.4075383333333,1561619717,665,2442.4126811358
INR703,50.836096666667,4.374025,1561619491,891,1239.8357780112
XRQ816,50.851103333333,4.34517,1561619717,665,1865.2356796227
LTK500,50.861201666667,4.338575,1561619953,429,959.14259843802
IFV646,50.796358333333,4.3273416666667,1561619491,891,2899.6538057802
SQN068,50.809113333333,4.331585,1561618290,2092,2195.9846287515
GFX431,50.849105,4.3827433333333,1561619717,724,1189.6399887132
QCI954,50.840583333333,4.3777183333333,1561620199,242,658.03323358695
AGD702,50.847496666667,4.4170616666667,1561619773,739,2005.7619024805
DAU809,50.826173333333,4.364665,1561619904,608,2178.7279395891
EUX357,50.813191666667,4.353265,1561619541,971,3820.3756782974
BWN768,50.817178333333,4.3721016666667,1561614029,6483,2658.0520288259
WUC628,50.819561666667,4.3430516666667,1561619773,739,2316.5897108343
BAB990,50.820718333333,4.409655,1561619953,608,892.73031252123
DDS608,50.841283333333,4.3686983333333,1561620023,538,1836.5060550601
RJW061,50.804205,4.4061166666667,1561620382,179,547.83892027213
RBY303,50.843795,4.3693883333333,1561620137,424,1282.7216702891
QPF427,50.82732,4.3808566666667,1561616717,3920,2340.3703411021
WCG119,50.854641666667,4.3798133333333,1561619840,797,1244.4147847393
QWS614,50.80051,4.41819,1561619668,969,3689.3082406644
KEW552,50.8219,4.3530333333333,1561619541,1096,2505.8114335925
YFE637,50.855096666667,4.3434816666667,1561620090,588,1772.8156189568
TIT289,50.836616666667,4.3579983333333,1561619953,725,2168.3533060982
VJL036,50.8519,4.3402966666667,1561619953,725,1589.7374929131
UME125,50.825426666667,4.3620633333333,1561619419,1259,1912.0625592914
NNI275,50.815578333333,4.3829566666667,1561619598,1080,4188.3436334729
DCE019,50.849601666667,4.3957683333333,1561620322,417,1209.8376583726
ATE685,50.847651666667,4.435525,1561620137,602,2685.0264053535
WEB095,50.825438333333,4.3671683333333,1561620199,540,983.35290661565
JSM098,50.852048333333,4.38741,1561620382,357,1120.1698048308
VUS579,50.836333333333,4.4013866666667,1561619953,786,863.78303375799
ECU160,50.845293333333,4.3740366666667,1561620322,417,1014.0343767834
LFD685,50.81901,4.379965,1561619254,1485,4475.4037699687
PBS664,50.850625,4.383785,1561620561,245,590.63502155768
EDS986,50.814503333333,4.3325583333333,1561620199,607,2290.0830091459
ZJA749,50.860663333333,4.3588783333333,1561620382,424,790.92295379248
ZKD778,50.83114,4.3934533333333,1561620322,484,1169.4401894828
LYH798,50.852673333333,4.3585116666667,1561620322,484,1221.7860653359
BAB990,50.813768333333,4.4160166666667,1561620561,302,882.71995908554
BVQ985,50.84196,4.3841,1561620561,372,779.29786019575
ZFL210,50.826188333333,4.3858583333333,1561619953,980,2379.8919704353
CQG140,50.857195,4.3777566666667,1561620137,796,2196.0998510643
MMK821,50.835178333333,4.3967083333333,1561618531,2402,1834.3136702034
MAC492,50.827636666667,4.337095,1561620512,421,869.78107858848
JEH571,50.816671666667,4.3376933333333,1561620023,964,2418.1596496114
QXG828,50.855153333333,4.4390333333333,1561620023,964,811.81221271647
SFE859,50.8146,4.3645133333333,1561620561,426,801.90926625213
XSY213,50.827291666667,4.3428866666667,1561620863,186,444.14490113399
CUE352,50.821505,4.4066316666667,1561620382,667,1249.3966093414
JSR890,50.811133333333,4.4013016666667,1561620561,488,110.34424835978
TEH731,50.876563333333,4.4047666666667,1561619840,1262,3843.0080616455
YGX462,50.807641666667,4.3804466666667,1561620322,780,2889.5340135619
MBG693,50.802358333333,4.33437,1561619370,1787,5605.8102952531
WUC628,50.826836666667,4.373955,1561620637,520,1883.4564372109
UHA865,50.851083333333,4.343745,1561620382,775,1864.0484113049
SSI143,50.877645,4.4116716666667,1561620739,418,1282.5438466536
PPK251,50.806048333333,4.320095,1561620090,1136,5450.2013010891
IHL136,50.852138333333,4.3416116666667,1561620739,487,1263.9787225065
IVJ173,50.773816666667,4.3606716666667,1561620739,552,1547.1973474772
DPV214,50.83045,4.355015,1561615638,5764,2076.0337182044
RWL142,50.845306666667,4.3759333333333,1561620987,415,988.14820593003
HTP500,50.851183333333,4.3452683333333,1561619953,1449,4789.4255366116
ZQX177,50.849258333333,4.399635,1561620322,1080,3574.5376322179
JEW054,50.835996666667,4.386335,1561619066,2336,2817.7653512942
JXQ295,50.843495,4.3809,1561620678,724,1781.8285192202
RUU117,50.8042,4.40613,1561620322,1080,4440.1814499316
NDA650,50.830188333333,4.3694233333333,1561621157,307,995.37496013863
MQE470,50.780363333333,4.3737183333333,1561619668,1796,6423.7481038445
MXI489,50.80312,4.436055,1561617498,4022,1405.9108089273
VMM609,50.807536666667,4.39993,1561620023,1497,3897.7090745353
AFB193,50.840993333333,4.384085,1561620933,714,1772.2518556318
HUP136,50.806141666667,4.330485,1561619305,2342,5251.4699662143
QEM551,50.837616666667,4.4049333333333,1561621343,357,1521.6294796853
EDS986,50.824696666667,4.360885,1561621157,606,1712.3340344778
PDH388,50.869906666667,4.3849983333333,1561621343,420,874.23379765132
ERS818,50.840048333333,4.4246466666667,1561621402,361,435.06369527961
QHF380,50.823351666667,4.367785,1561620739,1024,3890.5335799458
SSS616,50.83166,4.3894733333333,1561621577,254,2669.3391487728
BQB485,50.842531666667,4.347275,1561620987,844,1600.4489169514
XIS367,50.805451666667,4.4083883333333,1561621577,254,654.4733478672
MWR358,50.839793333333,4.3699666666667,1561621577,254,981.77564411057
RIY885,50.83146,4.3684416666667,1561621157,674,1406.4380244186
MBC917,50.81176,4.4402016666667,1561621577,254,470.87822103024
XRQ816,50.83912,4.36376,1561620933,956,1546.3896782987
PQN083,50.854483333333,4.3983266666667,1561620199,1690,2463.7781356387
ZBE638,50.849391666667,4.354075,1561621647,242,440.74503720883
KTG698,50.83646,4.3967183333333,1561621402,664,2233.3105077469
EWJ879,50.813088333333,4.3568133333333,1561620863,1203,4089.4189577013
NVW137,50.837968333333,4.3529333333333,1561621343,723,1424.4810599382
HWS690,50.830498333333,4.3367383333333,1561618945,3121,2363.6430825377
BEA624,50.847083333333,4.4322983333333,1561617916,4207,5426.6375234815
YEU745,50.805335,4.38351,1561620806,1317,4466.4858589724
PVW206,50.824871666667,4.3659583333333,1561621102,1082,2068.6180263704
ZSE038,50.85045,4.35726,1561621700,484,1150.1386050416
VNQ015,50.83518,4.3517716666667,1561621647,600,1483.7737631435
XSY213,50.825825,4.3487683333333,1561621831,475,1362.1556682254
ERA677,50.828505,4.3624766666667,1561621763,543,1265.3773326612
QEM409,50.849943333333,4.3861183333333,1561622002,304,797.55241479585
GTV361,50.841983333333,4.3301566666667,1561621102,1204,3661.3094821517
QWN404,50.840695,4.36912,1561621763,603,944.4667773553
NFZ066,50.817511666667,4.3355016666667,1561620933,1433,2214.627298391
PVC182,50.82196,4.4068733333333,1561621700,666,3400.3535989354
MGK778,50.85327,4.3645433333333,1561621647,719,2489.3684466196
SQN068,50.82735,4.3435816666667,1561622002,364,1094.8412464346
BWL403,50.817811666667,4.3268316666667,1561620987,1442,5550.926662542
VHT466,50.840618333333,4.3597216666667,1561621763,666,193.56590353312
VUS579,50.831853333333,4.3913383333333,1561621831,598,2283.0487780506
IKQ730,50.876865,4.3874566666667,1561621343,1140,3729.7610119487
JTF016,50.81411,4.325185,1561622002,542,1890.0936573255
QHE377,50.816546666667,4.3758583333333,1561622002,542,1869.9712296398
MTB497,50.86471,4.375815,1561621831,713,2014.2056914901
EFF575,50.865556666667,4.36923,1561616485,6059,3090.6514168912
BTF131,50.851793333333,4.3464166666667,1561620806,1804,362.8124961591
AVD418,50.837205,4.319525,1561621700,910,2931.6144666184
PBL461,50.79739,4.3505983333333,1561621577,1033,3648.2688555192
UBE316,50.80058,4.368055,1561621700,910,1214.0104702256
GSP729,50.854716666667,4.3440466666667,1561622247,418,1224.3669793821
GZK346,50.839883333333,4.37001,1561622366,299,361.16945876285
IIL981,50.819115,4.4034183333333,1561622123,542,1842.0973523739
LVI115,50.83888,4.3673216666667,1561622247,418,1352.7950521234
UWF276,50.846481666667,4.35349,1561621157,1508,2350.5696147694
TPK467,50.83054,4.3609683333333,1561622002,663,1929.6189210531
XRQ816,50.838861666667,4.3857783333333,1561622123,600,1481.3294016259
JEH571,50.81643,4.3721116666667,1561621763,1027,3071.0908346716
FKE228,50.840175,4.4002533333333,1561622429,361,961.14476527587
EVB101,50.826396666667,4.3640116666667,1561621831,1008,4390.5828601098
WEB095,50.819201666667,4.3572433333333,1561622429,538,1307.8733263125
LNE668,50.810415,4.3308,1561622002,1081,3500.8313364585
DDS608,50.843875,4.39453,1561622247,836,2409.2426756834
VTF597,50.805358333333,4.3835416666667,1561621402,1681,4398.3391334147
QEM551,50.83982,4.3835466666667,1561622306,777,150.83680604466
XIS367,50.810513333333,4.403635,1561622790,293,658.5261109111
LFF805,50.833143333333,4.3574266666667,1561622184,899,2547.0360923356
CHJ778,50.809296666667,4.3653833333333,1561621402,1747,4554.4664571782
JUI926,50.85199,4.3873983333333,1561622544,605,1723.0957302958
MAC492,50.824941666667,4.34872,1561622002,1147,2525.5884037138
YMR857,50.843108333333,4.381155,1561622184,965,2117.7426810342
ZFX336,50.835181666667,4.3923116666667,1561620023,3126,1553.7637986446
RDP158,50.822316666667,4.4557066666667,1561618646,4558,8521.9944611758
ESI096,50.830675,4.4618216666667,1561622610,709,2043.6532119914
PDH314,50.801638333333,4.3251533333333,1561622723,596,792.2554657537
MYT154,50.813893333333,4.3474483333333,1561620678,2641,3812.4759487613
QCJ420,50.820826666667,4.3513116666667,1561619773,3546,2998.1123003685
BEA624,50.845931666667,4.3550266666667,1561623204,301,462.80526256733
YCB034,50.846293333333,4.3835066666667,1561622610,895,2157.49738504
LVI115,50.839241666667,4.3865783333333,1561622912,656,1988.6595492118
BDN052,50.810878333333,4.3883133333333,1561622544,1024,2961.0248473157
HMT737,50.864978333333,4.338395,1561622790,778,1047.6242021828
RUU117,50.805988333333,4.3430066666667,1561621763,1805,6559.5028443521
YPM348,50.800053333333,4.4031566666667,1561620933,2635,1538.7766356173
ZKP384,50.857598333333,4.3620533333333,1561622912,656,1563.1124950995
KBF855,50.84523,4.3740866666667,1561623319,419,1059.7528552697
DBI377,50.826163333333,4.331415,1561622723,1015,3760.3708230998
ATE685,50.837405,4.4008983333333,1561622912,826,2615.3105091761
AEK752,50.799683333333,4.4057666666667,1561622366,1499,5361.7191731005
BQB485,50.830836666667,4.36056,1561623256,678,2105.6940371329
CFB972,50.848663333333,4.3934516666667,1561623256,736,1672.2911670981
STR750,50.828368333333,4.37612,1561623385,649,1698.2024148386
BYD553,50.856996666667,4.38252,1561623319,715,1442.1244493952
VIP810,50.804446666667,4.3212283333333,1561623689,413,940.11878897522
QAU269,50.845315,4.37401,1561623808,421,986.06527501291
VNK632,50.847215,4.3706833333333,1561623689,540,1235.7843190766
JWP420,50.794021666667,4.3652483333333,1561623865,364,661.03232139412
IDB165,50.84267,4.3846433333333,1561623992,284,868.3255836914
DAU809,50.845506666667,4.3596233333333,1561623505,848,935.05312992332
UPI792,50.843126666667,4.3441816666667,1561623689,664,1313.6887458733
QUK145,50.817556666667,4.3720016666667,1561623689,664,2403.5390850515
WDY352,50.852338333333,4.3423516666667,1561622002,2390,3184.1885162907
PUV509,50.827546666667,4.345325,1561621343,3049,1212.2426646642
JWP420,50.792135,4.3741666666667,1561624229,235,539.14465743719
STR750,50.840488333333,4.3614066666667,1561624153,311,712.13923056495
BWB369,50.811401666667,4.3512033333333,1561623992,472,1514.7213129613
WKL430,50.843036666667,4.3800533333333,1561624153,371,532.98968492412
UWF276,50.832321666667,4.378345,1561623452,1130,793.69881062434
ZFX336,50.848643333333,4.3863783333333,1561624229,471,1345.73986642
LII218,50.834061666667,4.3519916666667,1561622723,2161,1531.2139798347
PVC182,50.839278333333,4.36697,1561623738,1146,804.5713509079
PIR670,50.816916666667,4.39891,1561623738,1146,3346.0055032136
KEW552,50.84141,4.37089,1561624353,531,740.29617299566
RDI990,50.845691666667,4.37258,1561623865,1074,892.1651562682
UCM895,50.874791666667,4.3803666666667,1561622066,2951,5822.7022719154
BTF131,50.848656666667,4.3449933333333,1561624153,908,2682.9355040876
WPA423,50.824645,4.3755766666667,1561623992,1069,839.72465331013
ZRI493,50.826291666667,4.3462183333333,1561624464,597,2212.0878321954
BQB485,50.81828,4.33812,1561624392,742,1936.7101432172
SYR486,50.859126666667,4.3648483333333,1561624392,742,1913.189152051
VWT691,50.854218333333,4.3953133333333,1561618646,6488,1527.4440097749
UUQ477,50.837413333333,4.3736933333333,1561624229,905,1120.6723068358
QHE377,50.822478333333,4.35095,1561623934,1200,3224.9298988518
ZUI516,50.795953333333,4.3728833333333,1561623385,1852,154.0689227891
AMN974,50.850005,4.3530683333333,1561624640,597,1927.5430158258
MAC492,50.82384,4.3846333333333,1561623738,1565,2478.4214069107
NFZ066,50.832225,4.3567516666667,1561624640,786,122.71973240645
VUU628,50.843293333333,4.37033,1561625182,244,380.54394418637
HIL845,50.829633333333,4.40707,1561624824,662,2580.9245253646
AVD418,50.820791666667,4.35219,1561624884,602,1428.0140706888
LJX705,50.799761666667,4.3410166666667,1561624700,786,2078.60480021
VNQ015,50.848043333333,4.3461516666667,1561624824,722,1890.4009187846
MNT657,50.809198333333,4.3210016666667,1561624700,846,3210.7482608343
UQH192,50.845701666667,4.3767216666667,1561625182,420,999.72218938616
PKP486,50.843221666667,4.35775,1561618885,6717,2024.5735715703
QYT733,50.807238333333,4.4015,1561623992,1674,3482.418579564
LII218,50.826976666667,4.3706866666667,1561625426,301,108.00932742966
PBS664,50.845313333333,4.3838183333333,1561625426,301,790.07582249526
ZQX177,50.838018333333,4.3519383333333,1561624824,954,2115.6480883145
TTE426,50.816626666667,4.3716016666667,1561625237,541,2107.1549850992
MQA154,50.840808333333,4.3718366666667,1561619305,6473,2436.5973102551
PXD628,50.817076666667,4.4279783333333,1561624939,905,3700.5526279228
CIP853,50.841836666667,4.3840816666667,1561625303,541,2305.8345370931
HKI494,50.86038,4.35922,1561620441,5403,1683.5259769215
VHB367,50.845131666667,4.3697416666667,1561625017,886,2064.3657840098
UNW139,50.832775,4.3433433333333,1561625602,364,889.18769439675
NWI439,50.81561,4.371815,1561625486,480,1885.5696069439
QAU269,50.839948333333,4.38519,1561625371,722,1520.470321555
ULI232,50.846486666667,4.4135566666667,1561625017,1123,1599.8487460578
TPK467,50.84529,4.375445,1561625844,594,1883.7522476864
MTQ332,50.84822,4.3435266666667,1561626014,424,735.62077616997
VHM180,50.792483333333,4.360055,1561625426,1082,323.52084317355
BXC339,50.861246666667,4.3552566666667,1561626270,466,604.70439054577
QYT733,50.817881666667,4.354885,1561626093,711,2486.9017148534
GTV361,50.809365,4.3230366666667,1561623505,3414,2655.6203043141
ZUO890,50.836455,4.317905,1561626140,847,1958.1671941232
DBC638,50.822221666667,4.3693,1561625966,1021,3811.1974121012
TDB118,50.832668333333,4.3472216666667,1561626618,369,664.11923309231
NDA650,50.839066666667,4.3676133333333,1561623149,3902,1527.7537509479
YUJ146,50.845888333333,4.3598416666667,1561626804,300,616.51224248875
WDY352,50.833456666667,4.3764466666667,1561625778,1377,2194.2424545424
KFF510,50.837091666667,4.355075,1561625061,2168,3538.8176699377
UXX408,50.847563333333,4.3695383333333,1561626736,551,268.01762788769
KXD699,50.792458333333,4.3767583333333,1561626618,669,502.17727318738
TTE426,50.833446666667,4.3577833333333,1561626862,599,1879.3147615742
IVJ173,50.77623,4.3823416666667,1561626618,972,4329.8362633802
KBF855,50.83825,4.3843633333333,1561627287,351,1057.577436864
LII218,50.827783333333,4.36983,1561627051,659,1338.6890084708
KXD699,50.796751666667,4.3745416666667,1561627287,423,495.96076368129
NRU375,50.806605,4.3715966666667,1561627287,423,1002.0648475566
VCM544,50.797756666667,4.4034633333333,1561627400,360,1218.8035714602
QHF380,50.854165,4.3415383333333,1561626987,887,3362.8840193418
SHJ576,50.84801,4.3755566666667,1561620678,7196,2378.6741454724
ETS736,50.838743333333,4.4000316666667,1561627638,314,1031.2484504233
MTF885,50.832186666667,4.3510783333333,1561627104,848,1189.8217044491
XPD421,50.812203333333,4.419735,1561627522,430,1042.0762166978
WPA423,50.820706666667,4.3857766666667,1561626919,1156,1979.0584432991
XSY213,50.836888333333,4.35822,1561627400,675,1284.6084166766
SNU780,50.828716666667,4.36165,1561627820,305,668.84887879167
ZSW825,50.806813333333,4.33014,1561625778,2474,3450.2293057288
HQI990,50.858908333333,4.381425,1561628125,243,530.9531786303
GNH996,50.84249,4.367325,1561627874,494,1389.0924515424
QDZ949,50.842993333333,4.3703266666667,1561628125,309,692.15841473195
QMD644,50.8591,4.3895366666667,1561624464,4021,240.83746968345
CIP853,50.823803333333,4.3678716666667,1561626270,2335,139.21121217631
HHX965,50.847651666667,4.4079133333333,1561628009,596,1756.0611749921
ASP050,50.804595,4.4390233333333,1561625061,3603,4648.3702873737
PUD983,50.860713333333,4.3469433333333,1561627346,1318,4704.6654882616
YUJ146,50.851386666667,4.3587116666667,1561628368,487,641.76104291236
SYR486,50.843903333333,4.3521483333333,1561628176,679,1439.903925701
DFW566,50.826386666667,4.396865,1561628368,487,1517.7281184973
TTE426,50.848598333333,4.3696416666667,1561628605,353,763.03033941097
MAC492,50.84612,4.3836316666667,1561628544,414,1452.1171157857
HQI990,50.85804,4.3888633333333,1561628434,524,536.48909021599
JGI696,50.800395,4.3631766666667,1561627590,1368,4614.284650583
WAV925,50.834873333333,4.42101,1561628176,782,3335.0328542129
HNR819,50.833516666667,4.3578066666667,1561628434,524,1338.2693975893
SNU780,50.825331666667,4.3537783333333,1561628605,353,813.74870368995
IDB165,50.838615,4.374075,1561628434,524,852.13006980259
QUK145,50.83722,4.35779,1561628605,353,1139.5829809628
TST892,50.85154,4.3846183333333,1561628544,489,1898.6007620379
UQI905,50.868546666667,4.3855833333333,1561628176,857,1696.4913513104
QEM551,50.8385,4.3840416666667,1561628125,962,3580.3628922039
VCM544,50.808716666667,4.4032333333333,1561628304,783,2099.4445881243
VUU628,50.841203333333,4.3746216666667,1561628855,232,371.26637869651
XSY213,50.846423333333,4.36855,1561628176,911,1186.0290743753
YMR857,50.826683333333,4.36589,1561628544,597,2176.014870388
ofn417,50.791086666667,4.3422033333333,1561628304,837,733.9329828225
BEM926,50.848645,4.3556916666667,1561628125,1083,1859.1780389853
END248,50.838566666667,4.3647983333333,1561628787,421,1430.6861002776
JUI926,50.863956666667,4.402995,1561628544,717,1971.3120037949
LQY632,50.846598333333,4.3399433333333,1561628544,717,1319.0804711087
NDA650,50.848638333333,4.3520033333333,1561628605,717,3115.1237233476
EUK579,50.800451666667,4.348485,1561628304,1018,3030.2903712839
HWS690,50.845863333333,4.3599983333333,1561622306,7016,1412.5121861839
MGK778,50.831955,4.3537016666667,1561623385,5937,1570.422666554
WPA423,50.836993333333,4.3744133333333,1561629033,355,884.74547270312
MVK112,50.839555,4.3859316666667,1561628664,724,2390.5118220266
PHK588,50.841308333333,4.368025,1561628787,658,1864.9775961274
DDS608,50.840426666667,4.360655,1561629087,358,728.33291264889
XSY213,50.843646666667,4.35224,1561629261,305,363.63116111899
YAV829,50.848055,4.357735,1561628855,776,2289.258252522
RJY400,50.854785,4.3508383333333,1561629322,309,560.10180730724
IJE925,50.813871666667,4.3247383333333,1561628894,737,2817.641473315
YPM348,50.811113333333,4.389995,1561629141,490,872.58128213198
PKP486,50.843483333333,4.3865816666667,1561629141,606,1352.3269269486
SFE859,50.819598333333,4.3727416666667,1561629033,714,1829.704154533
IPT398,50.84974,4.368515,1561626438,3309,1557.3490534859
BYD553,50.869866666667,4.3850583333333,1561628176,1571,1680.8196606419
TSZ077,50.806323333333,4.3378316666667,1561628716,1088,1748.5857040951
TDZ089,50.854753333333,4.3598483333333,1561629322,482,660.21859502301
MTF885,50.824,4.34017,1561628787,1075,4343.5309527446
GKT477,50.841821666667,4.3416083333333,1561625017,4845,3020.775879298
QIS693,50.782121666667,4.3370683333333,1561627155,2777,4647.0521285516
WPU044,50.837843333333,4.3750233333333,1561623689,6294,1106.3947554196
GBW630,50.846831666667,4.3517633333333,1561629388,595,1538.6941787608
USV368,50.803715,4.347605,1561629445,538,1356.0086790021
UQH192,50.839346666667,4.3867933333333,1561629679,370,1045.9070583131
VWT691,50.850638333333,4.3743066666667,1561628664,1385,1213.6989380599
TSE871,50.858825,4.3668066666667,1561629504,603,1507.569934782
FXJ699,50.845158333333,4.3688816666667,1561626332,3901,3193.3420570145
UXX408,50.849925,4.3703016666667,1561629983,250,133.31169020734
JJT640,50.836405,4.401345,1561629388,845,1077.1318101344
MJN759,50.832231666667,4.3091516666667,1561625061,5218,4378.8377163781
JNX477,50.836051666667,4.345375,1561629679,670,1153.1861686819
GTV894,50.836796666667,4.344735,1561629679,670,1154.8158310891
ZDJ126,50.849131666667,4.4023933333333,1561625486,4915,3296.5537459477
PUD983,50.819081666667,4.3588933333333,1561629679,722,1550.5656951212
BVQ985,50.844911666667,4.3740333333333,1561629388,1072,3259.7601288053
IIL981,50.812236666667,4.379565,1561629747,713,1736.5747899181
ZJK151,50.807165,4.41183,1561628252,2208,3499.9495690061
NFZ066,50.833728333333,4.3574083333333,1561630168,352,578.36310649724
ZSW825,50.83281,4.3569533333333,1561629804,716,628.25346036815
UQI905,50.858815,4.4042,1561629932,715,1697.8506029483
VMM609,50.83823,4.37313,1561628009,2935,1839.7072639665
IUG332,50.864025,4.393955,1561629679,1265,3049.8105317047
PHK588,50.856225,4.35588,1561630581,421,1232.6944597334
HNR819,50.845086666667,4.3525583333333,1561630520,482,1465.2727098466
LQY632,50.838235,4.3532666666667,1561630349,653,1417.1268510727
CPX867,50.843798333333,4.3694083333333,1561630401,601,2431.2990625745
EHS110,50.85138,4.3982283333333,1561630520,482,1052.0141718653
NQJ047,50.848276666667,4.35799,1561630705,297,623.38166180363
QLQ877,50.870533333333,4.3518333333333,1561630233,769,1511.7809945812
MMK821,50.83938,4.3714483333333,1561628894,2108,1095.9086369782
ZKP384,50.85205,4.3415933333333,1561630460,542,1592.6434005026
ILP657,50.842138333333,4.395605,1561630349,781,2618.879405321
JPM554,50.828783333333,4.3604833333333,1561630581,612,1299.7960225626
QXJ133,50.838331666667,4.42253,1561630279,914,878.79527240708
SSS616,50.849261666667,4.3636233333333,1561630401,792,1378.6543573167
XSY213,50.840743333333,4.3546233333333,1561630581,612,1484.3425981209
TTE426,50.841736666667,4.36952,1561630773,420,739.54445235399
NNI275,50.840496666667,4.3382383333333,1561630773,462,1512.5964146011
CUM398,50.842981666667,4.3547283333333,1561630876,359,506.98453818689
QYT733,50.822338333333,4.3895766666667,1561630520,775,519.09471720186
GXK070,50.874851666667,4.3746866666667,1561630944,351,752.42365336633
DAR729,50.804653333333,4.367405,1561630401,968,3174.3094080219
NTC273,50.79559,4.4079683333333,1561629679,1747,7378.6965829052
DKY679,50.77142,4.3747166666667,1561630168,1258,301.58189762125
IVQ264,50.827711666667,4.3669583333333,1561630876,550,2035.4345346011
TPK467,50.843533333333,4.34876,1561630168,1313,2779.3424174071
RLJ226,50.850501666667,4.3978366666667,1561630876,605,2775.9515443733
WCG119,50.844668333333,4.387855,1561630876,677,1376.7326553422
CYA044,50.860726666667,4.3996333333333,1561630581,972,2778.1892180492
RJY400,50.850086666667,4.3479616666667,1561631065,488,1116.5164728181
STL969,50.82984,4.3558516666667,1561631130,477,1388.9932589111
HWS690,50.85856,4.3593616666667,1561630279,1328,1409.9562366887
ZKH443,50.841171666667,4.375755,1561631295,358,435.79619740031
JJT640,50.826735,4.40044,1561631002,717,2783.7831132356
THW894,50.865433333333,4.3650616666667,1561631369,350,778.68147024436
PKP486,50.836398333333,4.402235,1561631002,717,2192.7285511834
MAM732,50.841343333333,4.37475,1561631235,539,1103.5805076204
KHL410,50.826405,4.3724466666667,1561631235,539,954.64190920293
GJA147,50.817376666667,4.3964333333333,1561630581,1193,3106.7692590779
UHH154,50.840891666667,4.3751666666667,1561631369,476,1214.9708605975
MFN896,50.874698333333,4.3803083333333,1561630876,1040,4060.9564631047
GCA147,50.827855,4.3443,1561630520,1396,1731.2018425836
EHS110,50.859028333333,4.3894066666667,1561631295,621,1044.2061659508
VDA601,50.838131666667,4.4108366666667,1561631719,197,630.72350915941
TSE871,50.84579,4.3727133333333,1561630705,1314,115.14904110306
QLQ877,50.85777,4.359255,1561631426,593,1552.8338907117
YAV829,50.866995,4.37052,1561629932,2270,2750.8928781435
JNV989,50.83,4.35584,1561632019,183,284.19861401948
XVT369,50.841833333333,4.3840516666667,1561631719,598,1833.1204360843
DDS608,50.842978333333,4.3702083333333,1561631653,664,1318.2945844758
VVZ304,50.862793333333,4.3392633333333,1561631481,836,1740.6943029287
BDN052,50.829948333333,4.3588933333333,1561626438,5879,645.97953078267
GFX431,50.840525,4.3726216666667,1561632089,228,118.28085168265
RJG768,50.817371666667,4.396375,1561630279,2112,1704.6317996084
STR750,50.840858333333,4.3715316666667,1561631774,617,2144.5549263991
LNE668,50.835891666667,4.3600816666667,1561629087,3364,1039.0335021052
UXX408,50.85007,4.3721866666667,1561631369,1082,2851.3911613763
DAU809,50.840998333333,4.370865,1561630581,2041,1840.2366944235
VTF597,50.819946666667,4.3253533333333,1561632391,293,367.25199366923
HTP500,50.813446666667,4.378145,1561631426,1324,4109.6059757154
CPX867,50.82535,4.350825,1561632019,731,2437.1322357228
BSD181,50.820635,4.3311583333333,1561632019,731,2648.2355452238
WUB064,50.841926666667,4.3711033333333,1561628894,3901,1006.2430668589
JXG704,50.845263333333,4.3741083333333,1561632391,404,711.73548631847
MMU948,50.8413,4.4014516666667,1561632140,655,1187.1310262618
JKU302,50.844791666667,4.3712,1561632511,284,602.0991591564
XAW952,50.849723333333,4.3655333333333,1561631065,1806,564.20240348671
VHT466,50.84062,4.356965,1561632019,852,1264.4355626341
BDN052,50.834776666667,4.3640083333333,1561632511,360,587.49467509855
NQJ047,50.851046666667,4.35027,1561632019,907,1506.4528673283
NRU375,50.814515,4.3647633333333,1561631719,1328,2001.1827056273
SQN068,50.83393,4.3551783333333,1561626618,6429,720.69474268809
IDC566,50.806106666667,4.3196583333333,1561631653,1394,117.08843169408
RRY775,50.822086666667,4.4078716666667,1561632684,418,1045.0358770122
ZSE038,50.845015,4.3711983333333,1561632019,1083,2619.3254420917
FGU888,50.84561,4.42728,1561632990,180,182.59263573856
KRC472,50.808951666667,4.32215,1561632264,1020,3944.6929968386
BYM806,50.845415,4.36145,1561632451,893,3107.0644215775
RJY400,50.84986,4.3638616666667,1561632795,549,1654.1120642358
NVT430,50.837263333333,4.3367183333333,1561632990,415,1013.0888979801
VXH545,50.804263333333,4.423295,1561632871,534,798.29928237882
XRQ816,50.839586666667,4.3646966666667,1561633047,479,1458.0088283833
DIX796,50.841698333333,4.45937,1561631369,2157,327.82984478913
BWN768,50.841071666667,4.3709483333333,1561632684,894,2860.1755391183
BZT841,50.805511666667,4.40861,1561633217,361,604.9251840138
ASP050,50.831546666667,4.3884433333333,1561631426,2226,1741.8244872909
TDB118,50.832448333333,4.3566716666667,1561632871,781,2415.5382698479
QAU269,50.83867,4.3636316666667,1561633284,426,670.58067915185
VWE167,50.836381666667,4.3995166666667,1561632795,978,2334.6973901965
QGP029,50.776123333333,4.3770516666667,1561631952,1821,3125.54552719
VSZ902,50.842883333333,4.3807066666667,1561633344,429,1105.2783134939
CIP853,50.822695,4.36695,1561631130,2643,2648.638371185
QSQ993,50.843548333333,4.380695,1561633217,663,2218.1504658518
UXX408,50.825603333333,4.3600283333333,1561633458,422,255.91291692288
AVD418,50.833858333333,4.3515366666667,1561628176,5704,626.04268274361
KBF855,50.845261666667,4.3741866666667,1561633578,302,534.21150255657
VGA051,50.865466666667,4.3502566666667,1561633458,422,837.47116354641
KKT430,50.861418333333,4.3549883333333,1561633578,367,613.89277361211
HVX509,50.777446666667,4.3804,1561632511,1434,3313.8037654389
MJN759,50.816903333333,4.366575,1561633344,601,1395.1504031173
BTF131,50.82706,4.36203,1561630168,3777,1593.9265930737
EAZ586,50.845293333333,4.3700866666667,1561633578,552,1049.0950984157
PUV509,50.838448333333,4.3454516666667,1561633458,672,1652.5527725377
GNH996,50.848341666667,4.384805,1561632795,1335,4098.3236586833
UBN245,50.839313333333,4.368295,1561633217,913,2921.4746776566
LFF805,50.814168333333,4.3777383333333,1561633652,478,769.07784919919
LVJ645,50.847423333333,4.3691433333333,1561633578,552,1508.1881690687
ERA677,50.836941666667,4.3745683333333,1561633710,420,1052.3012277747
VMH921,50.826205,4.4602366666667,1561630349,3833,6684.9572351099
KHL410,50.820365,4.3627883333333,1561633652,530,1508.4263829561
BSD181,50.842236666667,4.3470366666667,1561633652,530,1421.9226281812
DDS608,50.837341666667,4.3536916666667,1561632684,1498,519.20800039845
NIB695,50.842201666667,4.3526783333333,1561633826,424,1402.005339786
GRY067,50.859788333333,4.3758233333333,1561634056,194,4561.8513610058
MBG693,50.843153333333,4.3812583333333,1561633284,966,3042.2734578739
SQN068,50.827953333333,4.3591483333333,1561633458,792,302.21008927874
SQN901,50.826461666667,4.400765,1561633880,423,1186.8375436587
NFZ066,50.83397,4.365635,1561633526,836,2215.8349609365
GFX431,50.8397,4.373685,1561633826,601,978.83726391376
IPT398,50.844498333333,4.347945,1561633652,775,1649.6514098148
XQE490,50.827891666667,4.4664083333333,1561630349,4078,6991.3377160277
WUB064,50.849466666667,4.3790283333333,1561634056,434,880.42027765374
VWT691,50.853521666667,4.3576316666667,1561631235,3302,2051.5644569043
IJE925,50.829925,4.3557733333333,1561634056,481,1936.5546504235
APB368,50.85909,4.359065,1561634427,179,346.4565641404
MMU948,50.836796666667,4.3861233333333,1561633526,1138,745.37763350104
YAV829,50.84567,4.3506533333333,1561633826,838,2007.2643056422
ETS736,50.839811666667,4.3854433333333,1561628304,6414,122.02016937698
UBN245,50.843893333333,4.409265,1561634250,468,1291.2453864258
WLY141,50.849276666667,4.34958,1561634056,662,1413.3798867925
LPM258,50.803,4.39942,1561633652,1142,5031.6698568675
ZEG057,50.831595,4.34022,1561634362,432,820.56049686898
JHB815,50.842251666667,4.3713033333333,1561633826,968,591.08064176247
WMH563,50.848693333333,4.3955583333333,1561634182,612,2186.1250974091
FRA123,50.811318333333,4.3833283333333,1561634362,432,1114.8116773524
HIL845,50.815906666667,4.3774416666667,1561634362,485,1434.2738931349
MQA154,50.852386666667,4.3423716666667,1561634182,665,1279.0588275864
VWT691,50.852171666667,4.3867783333333,1561634664,183,464.13412347245
TSZ077,50.790621666667,4.3391983333333,1561634490,402,1502.2455610109
CVG556,50.844781666667,4.3523833333333,1561634664,228,112.85457626795
QTF778,50.851766666667,4.40289,1561631952,2940,4016.6551174578
FXJ699,50.816491666667,4.37161,1561633217,1675,3237.9868296026
RBY303,50.837855,4.3850483333333,1561634537,355,568.89775433026
TLY380,50.838096666667,4.37512,1561632511,2381,894.81416017178
TCW563,50.868238333333,4.37549,1561634250,723,1929.1174180129
QCJ420,50.845036666667,4.3701033333333,1561634427,546,1338.1442295222
JDN046,50.842703333333,4.367075,1561634130,843,2150.3442289718
WZI893,50.854141666667,4.4479666666667,1561634664,309,1072.3629225641
NVW137,50.838613333333,4.3731933333333,1561634362,661,296.47504095312
VUC254,50.858471666667,4.35981,1561634537,486,1403.1016933971
VWE167,50.839758333333,4.3667016666667,1561634606,470,976.19744112189
JNX477,50.841978333333,4.3588516666667,1561634490,586,1210.4056129852
SSI143,50.86745,4.4031233333333,1561632089,2987,110.38710172548
ZQX177,50.838743333333,4.382045,1561631653,3501,9539.7376137259
MGK778,50.83045,4.375935,1561631130,4073,2261.1505844666
STR750,50.823176666667,4.3593366666667,1561634130,1073,3205.2200196575
RXK713,50.80913,4.3433166666667,1561634847,356,1258.7046499721
ZJK151,50.826381666667,4.3723733333333,1561634490,713,844.81184334436
QEM409,50.843286666667,4.3814016666667,1561634427,776,1664.495095503
FKI736,50.844078333333,4.381665,1561634718,612,1353.6151345094
PKP486,50.845975,4.3749366666667,1561634718,660,2450.2562702363
IWN406,50.83634,4.3176433333333,1561634606,772,2417.4843371289
WPA423,50.839421666667,4.3864116666667,1561634427,951,868.84327189579
MMU948,50.841706666667,4.3788966666667,1561634892,486,709.31814858127
WKL430,50.843796666667,4.3875483333333,1561630944,4434,904.09775264374
LFF805,50.8157,4.3670633333333,1561635154,224,277.88605727025
BQI451,50.843991666667,4.3812983333333,1561634973,405,710.81204261394
BYM806,50.817663333333,4.3666116666667,1561635154,285,809.13967879033
BQB485,50.82666,4.36229,1561630279,5226,1184.3155605892
YMR857,50.842238333333,4.3846916666667,1561634892,613,1706.0480535499
IDB165,50.84258,4.38446,1561634973,532,1788.8075537487
UXX408,50.823525,4.3584633333333,1561634892,613,1404.3629286929
QWS614,50.81651,4.3721933333333,1561633710,1847,828.31477304156
RNI744,50.861218333333,4.3385483333333,1561635267,358,1030.486435569
SNU780,50.827296666667,4.3426183333333,1561634606,1132,949.90190848898
PVI107,50.842005,4.3785483333333,1561635330,408,612.44690489674
ADF903,50.857588333333,4.3760966666667,1561629747,5991,1283.9657290089
RIY668,50.846381666667,4.368625,1561635378,360,718.28119652948
TDB118,50.831685,4.3222983333333,1561634664,1143,2874.250641861
IFN886,50.836385,4.3316816666667,1561634537,1270,4543.5021286587
RBY303,50.834426666667,4.3910616666667,1561634892,985,1194.0655466112
KEW552,50.843288333333,4.381005,1561634892,985,3339.5804284857
TSE871,50.8458,4.3743533333333,1561635267,610,940.42504839256
KFF510,50.808816666667,4.3319516666667,1561631235,4642,4136.4034591356
UBN245,50.834795,4.4206916666667,1561635154,896,2043.0919420246
QTW747,50.80553,4.3763483333333,1561635330,720,1703.4861146482
BXN447,50.843011666667,4.3827833333333,1561633652,2457,146.57807295167
ETD681,50.849298333333,4.3526933333333,1561633047,3062,1026.5085250661
NRU375,50.818045,4.392695,1561635688,530,1610.3933756753
YAV829,50.830876666667,4.367035,1561635505,713,1241.6305184064
WZI893,50.848955,4.460845,1561635979,307,1076.6390861436
TLY380,50.836481666667,4.3626366666667,1561636109,297,227.23477274908
KTG698,50.83882,4.365135,1561635922,484,1341.95673353
ECU160,50.84454,4.38843,1561635738,668,2200.5308453628
VNQ015,50.831275,4.3505883333333,1561634794,1612,763.28251041541
IYN547,50.837811666667,4.3967166666667,1561635330,1141,1927.4619704577
UTF330,50.862741666667,4.416635,1561636109,362,896.0470599865
BZT841,50.809278333333,4.4023983333333,1561634537,1934,6032.9627418712
MWR358,50.841458333333,4.3843416666667,1561636336,243,355.66924834492
BTF131,50.840398333333,4.3703433333333,1561635688,891,2251.5609809374
PVW206,50.834803333333,4.34097,1561635922,657,3549.6698601105
KUR867,50.841808333333,4.3496016666667,1561635154,1484,2811.7617690725
EJJ553,50.852311666667,4.3423716666667,1561636161,477,951.60581441098
SQN901,50.826691666667,4.4176583333333,1561636218,420,1258.0557185903
ASP050,50.836858333333,4.36511,1561636109,596,1095.035719995
QXG828,50.848236666667,4.4353316666667,1561636161,544,1750.8948987132
VHT466,50.84966,4.34604,1561636161,544,1705.3312037021
GFX431,50.846255,4.38299,1561636286,419,951.89136999635
END248,50.8334,4.34614,1561633826,3002,3222.2306564733
QNV575,50.858358333333,4.3824466666667,1561636050,778,2381.202185569
JNV989,50.828398333333,4.3589933333333,1561633284,3544,1554.0949729842
SQN068,50.825238333333,4.3589516666667,1561634303,2525,1885.9530442713
DZR171,50.838745,4.3701633333333,1561636286,542,1702.3793233166
XRQ816,50.839775,4.3854583333333,1561635979,849,2208.8711340217
KBF855,50.843865,4.3814666666667,1561636579,249,548.74234430121
LGF749,50.843441666667,4.4254133333333,1561636218,672,1435.0997589555
JEH571,50.843791666667,4.3780666666667,1561636529,410,621.39538760698
TPX991,50.826725,4.362275,1561636050,889,2303.274090152
GRB516,50.844545,4.4053466666667,1561636638,301,755.70196363783
SFE859,50.833211666667,4.3581083333333,1561631002,5937,321.84698258132
VVZ304,50.848868333333,4.3505933333333,1561636406,662,1744.2356396673
CVG556,50.843768333333,4.3522933333333,1561636579,489,1086.5068878081
KKT430,50.858226666667,4.3478516666667,1561636529,539,1453.1688217316
QCJ420,50.833183333333,4.3668116666667,1561636638,430,1382.8554597695
YAV829,50.82634,4.3831883333333,1561636766,363,838.46956382247
WDU317,50.839313333333,4.3759233333333,1561636828,353,976.7627932538
EUK579,50.82735,4.3554116666667,1561635979,1324,3082.9531840415
QGR302,50.791781666667,4.34818,1561636406,897,441.1804150996
END248,50.808971666667,4.321465,1561636890,413,112.74304356745
LKR359,50.772163333333,4.37178,1561637129,241,221.61274110596
JKU302,50.840906666667,4.3771733333333,1561636828,542,549.91874275953
RBY303,50.843125,4.38109,1561636638,785,1518.4489079313
WMH563,50.85843,4.3685033333333,1561636828,595,2130.5532330669
PKP486,50.846713333333,4.4098166666667,1561636766,657,2419.7729261784
JDN046,50.823385,4.3684733333333,1561636336,1157,2067.1094783324
TSE871,50.846058333333,4.3877416666667,1561636890,603,1060.823093152
GJA147,50.827536666667,4.3552333333333,1561636638,902,2749.6155461018
AVD418,50.830936666667,4.3439166666667,1561636993,547,865.26341350941
DIV121,50.832761666667,4.34323,1561637253,287,692.20868929171
MMU948,50.851905,4.4028966666667,1561637129,411,507.47960551241
VDR336,50.843118333333,4.381085,1561632684,4911,335.67531463492
MTZ946,50.814933333333,4.3719583333333,1561636766,829,154.71967909024
ZLN160,50.797118333333,4.3968266666667,1561636529,1066,2690.7290317404
WAV925,50.845606666667,4.37666,1561636939,656,1820.6594361562
QEM409,50.844891666667,4.4049716666667,1561637068,663,1703.3804842891
HIL845,50.826128333333,4.3649883333333,1561636939,903,1182.8192293509
UXS695,50.840783333333,4.3828016666667,1561637493,349,827.2395041765
YAV829,50.832163333333,4.3756433333333,1561637423,419,547.26969504638
ZFX336,50.83931,4.3741766666667,1561637253,589,1307.9082276366
TDB118,50.843766666667,4.3584833333333,1561636406,1514,1214.8889778918
WZZ465,50.860278333333,4.3820216666667,1561637595,358,4046.9129384612
LCE803,50.849206666667,4.3535216666667,1561637253,761,1479.7253713834
SGQ178,50.850788333333,4.3477766666667,1561637423,655,1314.0031251273
ZJK151,50.833083333333,4.3667066666667,1561637423,728,3168.7448453458
BWN768,50.838185,4.4114233333333,1561635922,2229,4490.8414771717
MMU948,50.854908333333,4.3974533333333,1561637540,656,1725.2028304612
FKI736,50.833833333333,4.3712533333333,1561637253,1012,3249.9434432408
LFF805,50.815505,4.3710066666667,1561637782,652,1788.4341645137
YAB125,50.81666,4.3717483333333,1561634794,3640,3898.2379872163
QJX904,50.80936,4.3336733333333,1561637782,652,1790.3959870544
SXX595,50.853133333333,4.3688733333333,1561637842,663,1053.8047606989
CQD191,50.867423333333,4.4032483333333,1561637540,965,2283.8098300376
ZKH443,50.838351666667,4.371445,1561637423,1082,869.72454657982
TDB118,50.832846666667,4.3579216666667,1561637920,717,1949.6870210511
CPX867,50.843621666667,4.3699916666667,1561638014,623,1111.4077082518
TDB412,50.880003333333,4.3841666666667,1561637920,717,1940.5576520038
NBF780,50.82772,4.368885,1561637068,1569,2052.8993181512
PIE903,50.839221666667,4.3610483333333,1561636336,2346,1380.5993910596
RIY885,50.844106666667,4.3687733333333,1561638505,234,161.52687135707
LGF749,50.853005,4.43914,1561638505,234,871.95092639349
DIV121,50.83724,4.3363833333333,1561638151,588,1353.9302952604
BYM806,50.8195,4.3554666666667,1561638151,664,1036.527040716
TPK467,50.844356666667,4.3883233333333,1561635330,3534,944.12817022995
HND994,50.787083333333,4.3427116666667,1561637953,911,2337.6887846697
DME483,50.856295,4.3527083333333,1561638554,310,1123.9019638103
UXS695,50.843801666667,4.3720333333333,1561638505,421,454.04649840921
MTB497,50.855758333333,4.4007633333333,1561637842,1147,3448.4696057199
TLY380,50.834628333333,4.364,1561636766,2223,225.26511949503
LQY632,50.848276666667,4.3408383333333,1561638078,911,2682.04371867
HNR819,50.832053333333,4.34948,1561637493,1554,4307.1833925078
NPU674,50.850393333333,4.3683383333333,1561638078,969,4149.7867459408
MDT411,50.871225,4.3485783333333,1561636993,2108,1403.6105441106
XFH800,50.839145,4.3683466666667,1561638637,464,1016.4764843745
TAX643,50.773628333333,4.3392683333333,1561637842,1323,6143.0227047784
RSL946,50.84527,4.3739833333333,1561638151,1014,1903.6528066778
AEZ894,50.854366666667,4.3565266666667,1561638989,243,471.7454876339
YPM348,50.814296666667,4.3786433333333,1561638434,851,2623.403218082
UME125,50.839441666667,4.3462883333333,1561638434,911,124.55980128876
RMX904,50.8405,4.37373,1561638926,468,890.1421980033
KFF510,50.84324,4.354275,1561638554,840,2918.2948208904
HIL845,50.836656666667,4.3625833333333,1561638682,783,1549.8236115896
XZX501,50.831088333333,4.3599083333333,1561639047,538,912.30391251299
WKL430,50.840636666667,4.3815366666667,1561639165,420,554.84492202156
DME483,50.846466666667,4.3489716666667,1561639165,420,564.95447859074
UTF330,50.864441666667,4.429115,1561639285,300,242.59367722117
EDS986,50.838146666667,4.3727583333333,1561639101,484,849.50934276971
ZSE038,50.846318333333,4.4084483333333,1561635922,3834,4455.4059497346
ZYW744,50.829308333333,4.4475266666667,1561638434,1390,4480.0474372539
RWL142,50.838921666667,4.3857216666667,1561638926,898,2490.6534237463
LDD541,50.819368333333,4.42559,1561639637,187,133.66213214128
MQE470,50.83677,4.3539733333333,1561639165,719,1329.2582048422
DZR171,50.83012,4.3901916666667,1561639232,652,2293.743256048
XFH800,50.832871666667,4.3578183333333,1561639536,348,1463.8588615883
FKE228,50.843265,4.3807533333333,1561639536,468,1887.8889998636
NPU674,50.813171666667,4.3640533333333,1561639394,672,1672.2641780303
KHL410,50.833608333333,4.358135,1561638926,1189,3407.2151817781
NMA155,50.839935,4.3836683333333,1561639756,359,773.56601099079
CZP511,50.812391666667,4.33424,1561639285,830,3146.4000838285
TTE344,50.8429,4.38376,1561636638,3477,2554.2664201089
AVD418,50.837141666667,4.3364816666667,1561639756,359,1091.2641383611
EHS110,50.851405,4.3980933333333,1561639232,883,3001.7140720988
LGF749,50.848411666667,4.4290733333333,1561639948,167,262.53221187853
TSE871,50.845666666667,4.372645,1561639756,444,1052.1221157991
DIV121,50.841846666667,4.3542316666667,1561639637,668,1685.4501049748
MWR358,50.83826,4.384275,1561639536,769,2173.7243004496
BVQ985,50.848435,4.4201266666667,1561639285,1082,2979.0071591091
RXK713,50.81428,4.35927,1561638387,2047,564.44205126478
VNK632,50.840351666667,4.35684,1561640066,422,647.42743195677
KEZ807,50.800438333333,4.32763,1561638864,1675,6099.619067352
WHW536,50.841155,4.3759433333333,1561640066,473,615.41415405944
RSL946,50.85546,4.3957733333333,1561639536,1003,2024.5159213227
VMM609,50.836481666667,4.3991816666667,1561637493,3171,2335.9345714748
ZDJ126,50.826408333333,4.3722416666667,1561638078,2646,1930.9918488766
RDP158,50.837818333333,4.33786,1561635076,5771,2130.3262600102
